Sl. No.,Shared Post's URL,Original Post's URL,Category,Reason,Content Category,Remarks,Structural Features ,Post Type,Social Media Platform,Search Strategy,Annotated Images,Screenshot 
1,https://twitter.com/_llebrun/status/1495392399371157506,N/A,unknown,N/A,politics,deleted,"single tweet, single author",status,Twitter,text search on Twitter,,https://drive.google.com/file/d/14SlHRBGAtqrXWCqLp4iZriO4AGDeq9FA/view?usp=sharing
2,https://twitter.com/tyler_the_wise/status/1495799786020413440,N/A,unknown,cannot be specified,unknown,account suspended,cannot be specified,cannot be specified,Twitter,text search on Twitter,,N/A
3,https://twitter.com/rvawonk/status/1496991792457256963,N/A,real,on live web,migration,deleted,"single tweet, single author",status,Twitter,text search on Twitter,,https://drive.google.com/file/d/1EIAZxyTQlv2EJzu7bxmwSAhmieKPDrEg/view?usp=sharing
4,https://twitter.com/bostonjoan/status/1498062875172249601,https://twitter.com/RepClayHiggins/status/1498015748492599297,real,on live web,politics,,"multiple tweet, single author",thread,Twitter,text search on Twitter,,https://drive.google.com/file/d/1tdZ9hJN1NomvD6fAi_-DBRhFlrmxofxI/view?usp=sharing
5,"https://twitter.com/mattyglesias/status/1498058450974253061
",https://twitter.com/DonaldJTrumpJr/status/1496885889011953666,real,on live web,politics,shared URL is deleted but exists in web archive,"single tweet, single author",status,Twitter,text search on Twitter,,https://drive.google.com/file/d/1R0hTQkQrrA9M_kCuWs-YE29Gs33Y_6CI/view?usp=sharing
6,https://twitter.com/arictoler/status/1498302396543422464,https://twitter.com/jscros/status/1498295738161315843,real,on live web,politics,,"multiple tweet, multiple author",thread,Twitter,text search on Twitter,,https://drive.google.com/file/d/1X2LbD15ehMvyyHaCeHLYDzYLd0smBpHT/view?usp=sharing
7,https://twitter.com/steinkobbe/status/1498777072470306823,https://twitter.com/Timcast/status/1498681845164216323,real,on live web,politics,,"nested (multiple tweet, multiple author)[involving retweet]",status,Twitter,text search on Twitter,,https://drive.google.com/file/d/1t6VYYibDIon_xjUB1q7tPig-vxweVftq/view?usp=sharing
8,https://twitter.com/clancynewyork/status/1502672036467990532,https://twitter.com/evacide/status/1498220081200783361,real,on live web,politics,,"multiple tweet, single author",status,Twitter,text search on Twitter,,https://drive.google.com/file/d/1rkmROoIXuARp_OEveYOlMMePdsbvHadB/view?usp=sharing
9,https://twitter.com/rvawonk/status/1503023487312703501,https://twitter.com/RF_OSCE/status/1502616010356105222,real,on live web,politics,,"single tweet, single author",status,Twitter,text search on Twitter,,https://drive.google.com/file/d/1TiYfSLfmyFvVvSLMqusUAypIo4n_2NHz/view?usp=sharing
10,https://twitter.com/rvawonk/status/1503227687917305863,https://twitter.com/RealCandaceO/status/1501576352587292673,real,on live web,politics,,"single tweet, single author",status,Twitter,text search on Twitter,,https://drive.google.com/file/d/1GPntvYCsRDrDSlMSFD8at_FI0cjG7gO_/view?usp=sharing
11,https://twitter.com/meanwhileincana/status/1503836841115541510,https://twitter.com/Aly_Meek/status/1471551643602857986,real,on live web,other,,"single tweet, single author",status,Twitter,text search on Twitter,,https://drive.google.com/file/d/1mW7M4fmCIfRiQ9DAHQyvqulDlJo-fpar/view?usp=sharing
12,https://twitter.com/titusmichaeleus/status/1504249679638315009,https://twitter.com/aaronjmate/status/1504225860387315714,real,on live web,politics,,"nested (multiple tweet, multiple author)[involving retweet]",status,Twitter,text search on Twitter,,https://drive.google.com/file/d/1IfqvkG0YVS7yl0ZSNieREmLwgFDljAmC/view?usp=sharing
13,https://twitter.com/rvawonk/status/1504467829130678274,N/A,unknown,cannot be specified,politics,deleted,"single tweet, single author",status,Twitter,text search on Twitter,,https://drive.google.com/file/d/14u_9dMFG570nMqkEEaKOUuB-JnE9WTIn/view?usp=sharing
14,https://twitter.com/fawfulfan/status/1500912324084998146,https://twitter.com/RNCResearch/status/1500878771615940613,real,on live web,politics,,"single tweet, single author",status,Twitter,text search on Twitter,,"https://drive.google.com/file/d/1DJGvXCLcA1_UEphdbCxfK2N-tr65LC69/view?usp=sharing
https://drive.google.com/file/d/1iahJrufkAU-zfrAqiQBjIZQhrsEah63C/view?usp=sharing"
15,https://twitter.com/rmounce/status/1504578685487259652,https://twitter.com/bedcatalysis/status/1504513484372987913,real,on live web,education,,"multiple tweet, multiple author",thread,Twitter,text search on Twitter,,https://drive.google.com/file/d/1BrzZIwCxZ_9qGG5k-G7Uigx3tooyk5Nw/view?usp=sharing
16,https://twitter.com/roderickgraham/status/1506783384571367425,https://twitter.com/sullydish/status/1506738779431870475,real,on live web,discrimination,deleted but the shared URL exists in web archive,"single tweet, single author",reply,Twitter,Twitter advanced search,,https://drive.google.com/file/d/1cXt3nskVXUn9q6UTKX1ulXZh2VEQLIRS/view?usp=sharing
17,https://twitter.com/urbanachievr/status/1505944201208516612,https://twitter.com/baseballcrank/status/1505942897916534795,real,on live web,politics,,"nested (multiple tweet, multiple author)[involving retweet]",status,Twitter,text search on Twitter,,https://drive.google.com/file/d/1O-mOqtuPKs7lo9vnGhdmmnuF553q27US/view?usp=sharing
18,https://twitter.com/rvawonk/status/1506997888974565378,https://twitter.com/mfa_russia/status/1506988835766509579,real,on live web,politics,,"single tweet, single author",status,Twitter,text search on Twitter,,https://drive.google.com/file/d/1O-mOqtuPKs7lo9vnGhdmmnuF553q27US/view?usp=sharingg
19,https://twitter.com/micahinatl/status/1494125354612523010,N/A,unknown,cannot be specified,politics,deleted,"single tweet, single author",status,Twitter,text search on Twitter,,https://drive.google.com/file/d/1ES1ag4EDfuJMO_og27-24UF-8ukkNdzn/view?usp=sharingg
20,https://twitter.com/KeatonPatti/status/1492023704431120388,N/A,fake,fact-checking website,politics,https://www.snopes.com/fact-check/ted-cruz-dr-evil-tweets/,"single tweet, single author",status,Twitter,google search,,"https://drive.google.com/file/d/1l6l0Jx3_XxZLmUifLiXzbzglbMf9VStc/view?usp=sharing
https://drive.google.com/file/d/12I1WwonA7_OzV1kmcSFV-ezIK63gxRQb/view?usp=sharing
https://drive.google.com/file/d/1xITZ6ZO8QF4k3kpcqEyc-B1C8hO5bJqZ/view?usp=sharing
https://drive.google.com/file/d/1FnUBtdaClSQ7ab8E2YGWU_pgV3i2PnwP/view?usp=sharing"
21,https://twitter.com/KevinMKruse/status/1408957948358008838,https://twitter.com/MikeCrapo/status/1408959479690018816,real,on live web,politics,,"single tweet, single author",status,Twitter,text search on Twitter,,https://drive.google.com/file/d/1rCDrOaNdDYTmGqRaL683T09o2w0qsha3/view?usp=sharingg
22,"https://twitter.com/QuarkQuent/status/1493718961585897476
",N/A,unknown,cannot be specified,discrimination,deleted,"single tweet, single author",status,Twitter,text search on Twitter,,https://drive.google.com/file/d/1FhmbZ3DKal2YrhjlW__ohCxwPm-YKjtN/view?usp=sharing
23,https://twitter.com/TheCreepyWeePod/status/1491740286741012482,N/A,fake,not on live web,entertainment,,"single tweet, single author",status,Twitter,text search on Twitter,,https://drive.google.com/file/d/12xTbvtvWoSkWdBqVyBF7_ge7xUxdNNHL/view?usp=sharing
24,https://twitter.com/cringepolitik/status/1493471284873011203,N/A,fake,"not on live web (text sentiment, text metadata)",social,,"single tweet, single author",status,Twitter,text search on Twitter,,https://drive.google.com/file/d/17Kuq6Wl-6nsoVBoUFeZ3EGe-0ox2pnRL/view?usp=sharing
25,https://twitter.com/iamchanteezy/status/1494558741307568128,https://twitter.com/KeithOlbermann/status/1454182327836454926,real,on live web,politics,,"single tweet, single author",status,Twitter,text search on Twitter,,https://drive.google.com/file/d/1FoTloIFHVl2cnD_7WgZB5lvSbYfENmHH/view?usp=sharing
26,https://twitter.com/_almond_tree/status/1494403090988113921,https://twitter.com/talkRADIO/status/1494302911031095298,real,on live web,politics,,"single tweet, single author",status,Twitter,text search on Twitter,,https://drive.google.com/file/d/1yyymhj1A7a_V9R4a1vyQEABlrT6Fj1KR/view?usp=sharing
27,"https://twitter.com/ParkerMolloy/status/1495178599762116614
",N/A,unknown,cannot be specified,satire,deleted,"single tweet, single author",status,Twitter,text search on Twitter,,https://drive.google.com/file/d/1tl-sCl_0k_srv8RMCgyvKPl1PE0qRaBP/view?usp=sharing
28,https://twitter.com/marcorubio/status/1495964392227328004,N/A,fake,not on live web,politics,,"single tweet, single author",status,Twitter,text search on Twitter,,https://drive.google.com/file/d/1OQHTN7264GLzP2fQcb2Xqy6ef6IBEm6U/view?usp=sharing
29,https://twitter.com/paulthacker11/status/1495436489492090881,N/A,fake,not on live web,social,,"single tweet, single author",status,Twitter,text search on Twitter,,https://drive.google.com/file/d/1cBBikeVV_KVhZHGT0D2OoQQuNsNka4jb/view?usp=sharing
30,https://twitter.com/donnielesh/status/1505951878860914694,N/A,fake,not on live web,politics,,"single tweet, single author",status,Twitter,text search on Twitter,,https://drive.google.com/file/d/1_OMDD_BzD28Wg9vKrrzG5dvlh7bueaPe/view?usp=sharing
31,https://twitter.com/thevivafrei/status/1507205276704944136,https://twitter.com/MICHAELCTV/status/1504595958016917511,real,on live web,entertainment,,"single tweet, single author",status,Twitter,text search on Twitter,yes (yellow highlighted text),https://drive.google.com/file/d/1Syymu6XylXhdGQ-Ys--lnpvEKZ29PLc-/view?usp=sharing
32,https://twitter.com/PhilWMagness/status/1506111677292498947,N/A,unknown,cannot be specified,politics,deleted but relevant tweet after post,"single tweet, single author",reply,Twitter,Twitter advanced search,,https://drive.google.com/file/d/15wVtbi19zfUtDDvJHAQrLJNQJbgwNOYE/view?usp=sharing
33,https://twitter.com/SethCotlar/status/1507364345117769736,https://twitter.com/philipaklein/status/1507188518459777024,real,on live web,politics,,"single tweet, single author",status,Twitter,text search on Twitter,,https://drive.google.com/file/d/1rbmDI9FO8vnglWM2cSWqm7sBvI_GLJIt/view?usp=sharing
34,https://twitter.com/David_K_Clark/status/1506411196588691461,https://twitter.com/georgegalloway/status/1506255840440983558,real,on live web,politics,,"single tweet, single author",status,Twitter,text search on Twitter,,https://drive.google.com/file/d/1SJN3w-htIf6nEbzV5MP0Hffwn6swxqYU/view?usp=sharing
35,https://twitter.com/AaronBastani/status/1507391218854117377,https://twitter.com/annaturley/status/1506706947239817224,real,on live web,politics,,"single tweet, single author",status,Twitter,text search on Twitter,,https://drive.google.com/file/d/13nzHUHNBjp6MihmMERD4g7Mdx7a3B6Hg/view?usp=sharing
36,https://twitter.com/afivegantenna/status/1508296029552095232,N/A,real,on live web,entertainment,deleted,"single tweet, multiple authors",thread,Twitter,text search on Twitter,,https://drive.google.com/file/d/1uHOYHxiNpWPtxN8ppjHTWNlYQTnE5qmK/view?usp=sharing
37,https://twitter.com/bian8145GT/status/1508356911422341122,https://twitter.com/FlyFM958/status/1508344561256394752,real,on live web,entertainment,,"single tweet, single author",status,Twitter,text search on Twitter,,https://drive.google.com/file/d/1uHOYHxiNpWPtxN8ppjHTWNlYQTnE5qmK/view?usp=sharing
38,https://twitter.com/shelbygrossman/status/1508194233265524738,N/A,unknown,cannot be specified,social,account not found,"single tweet, single author",status,Twitter,text search on Twitter,,https://drive.google.com/file/d/1JujZGWC5FLMZ-seIbuKrCAs8Evh-WCnG/view?usp=sharing
39,https://twitter.com/jkelovuori/status/1509240982298140678,N/A,unknown,cannot be specified,public health,deleted ,"single tweet, single author",status,Twitter,text search on Twitter,,https://drive.google.com/file/d/1_iYuhtnJ_VMs0tf0LYB-MCa2ADcRN--W/view?usp=sharing
40,https://twitter.com/OrdinandBright/status/1509927249365114904,N/A,unknown,cannot be specified,politics,account suspended,"single tweet, single author",reply,Twitter,text search on Twitter,,https://drive.google.com/file/d/1lk-QWXOn4Nup08tfMOllEUmnxyKGQHip/view?usp=sharing
41,https://twitter.com/lucyglenister/status/1509928555823644674,N/A,fake,not on live web (account metadata discrepancy),politics,deleted but the shared URL exists in web archive,"multiple tweet, single author",status,Twitter,text search on Twitter,,N/A
42,https://twitter.com/rivertamydn/status/1510242387859226627,https://twitter.com/emeriticus/status/1509905096892628996,real,on live web,politics,,"single tweet, single author",status,Twitter,text search on Twitter,,https://drive.google.com/file/d/1mxSgbb0YwFxtwy3t5ItLRlbREf3Exu1V/view?usp=sharing
43,https://twitter.com/badmedicaltakes/status/1509908947599126534,https://twitter.com/uncivil3ngineer/status/1402923179140468741,real,on live web,satire,,"single tweet, single author",status,Twitter,text search on Twitter,,https://drive.google.com/file/d/1inag8BdGkCzinAi28tQ-hL-Onr4r1yqa/view?usp=sharing
44,https://twitter.com/noahfinneburgh/status/1510400494228836354,"https://twitter.com/NickAdamsinUSA/status/1510398067685695488
https://twitter.com/NickAdamsinUSA/status/1510398335890374660",real,on live web,politics,,"multiple tweet, single author",status,Twitter,text search on Twitter,,https://drive.google.com/file/d/1-t2V3T1f7gpzUU9Fy9u7nuBftgveCetN/view?usp=sharing
45,https://twitter.com/ddale8/status/1510706731470491653,https://twitter.com/JaimeySexton/status/1510411705905561601,real,on live web,politics,,"single tweet, single author",status,Twitter,text search on Twitter,yes (red cross),https://drive.google.com/file/d/1APjYf92G0PjJgtIb1De1fXPB_hGMVsPe/view?usp=sharing
46,"https://twitter.com/PhilWMagness/status/1512224324001927169
",https://twitter.com/D_Kuehn/status/1512200881147629569,real,on live web,literature,,"nested (multiple tweet, multiple author)",reply,Twitter,text search on Twitter,,"https://drive.google.com/file/d/1PXsiQUQpgrtgA9dvVrBrp3lGsvOi9t74/view?usp=sharing
https://drive.google.com/file/d/1Zbm0LUbxcA4MsO8nTMUst93qzN-zi_vj/view?usp=sharing"
47,https://twitter.com/PhilWMagness/status/1512086579673645065,https://twitter.com/GidMK/status/1344068233138081792,real,on live web,geography,,"single tweet, single author",reply,Twitter,text search on Twitter,yes (yellow highlight),https://drive.google.com/file/d/1ZAKkfVDc3muzAICvsKqnAx2pIGOVV2Ic/view?usp=sharing
48,https://twitter.com/PhilWMagness/status/1511809339270615043,https://twitter.com/KamranAbbasi/status/1449445939685609477,real,on live web,literature,,"nested (multiple tweet, multiple author)[involving retweet]",status,Twitter,text search on Twitter,,https://drive.google.com/file/d/1CepByTjU3NyW0qOI5NwCunIN_KbdiG0-/view?usp=sharing
49,https://twitter.com/brianlilley/status/1511765537554157575,https://twitter.com/mustafahirji/status/1511756926761283594,real,on live web,government,,"single tweet, single author",quote tweet,Twitter,text search on Twitter,,https://drive.google.com/file/d/1Ps9Tlgxr1gVp0HsU3wLbYpmXUpCmQ_jA/view?usp=sharing
50,https://twitter.com/David_Moscrop/status/1514235029613916175,https://twitter.com/MonteMcNaughton/status/1514009620997541893,real,on live web,politics,,"single tweet, single author",status,Twitter,text search on Twitter,yes (yellow highlight),https://drive.google.com/file/d/114JLPR-5bvD-qB3YDwXvyOrMBqKexlrs/view?usp=sharing
51,https://twitter.com/dr_re_arranged/status/1513597108393332737,N/A,fake,exists in fact-checking website,government,https://www.reuters.com/article/factcheck-britain-dorries/fact-check-british-culture-secretary-did-not-tweet-that-food-doesnt-grow-on-trees-idUSL2N2WA0N0,"single tweet, single author",status,Twitter,google search,,https://drive.google.com/file/d/1GA1uGmXvLkUF52DKQCIWtQ-VxWYsiDOz/view?usp=sharing
52,https://twitter.com/realGonzaloLira/status/1514582523598286852,N/A,unknown,cannot be specified,politics,account suspended,"single tweet, single author",status,Twitter,text search on Twitter,,https://drive.google.com/file/d/1uEpSLKW72vHhn6tW2H5J53Z4hlN1cnuM/view?usp=sharing
53,https://twitter.com/realGonzaloLira/status/1514601188204851204,https://twitter.com/InnaSovsun/status/1508390743228006400,real,on live web,politics,,"single tweet, single author",status,Twitter,text search on Twitter,,https://drive.google.com/file/d/1Ecrd4CGSZFdP18Bp1-9F-8LQ1dqaAtd4/view?usp=sharing
54,https://twitter.com/realGonzaloLira/status/1514486132918079492,https://twitter.com/louietraub/status/1514311073880592389,real,on live web,politics,,"single tweet, single author",thread,Twitter,text search on Twitter,,https://drive.google.com/file/d/1Faq8WV6YWhX-lstsjJRecJRjVtg2g0jy/view?usp=sharing
55,https://twitter.com/MatticusFinch10/status/1513613869616451594,N/A,real,on Politwoops ,politics,deleted,"single post, single author",status,Twitter,google search,,https://drive.google.com/file/d/1FC-M4hm-e4GN6fIivRnb-DVD2QvbzsEt/view?usp=sharing
56,https://twitter.com/Jambudweep5/status/1517035441773367297,N/A,fake,exists in fact-checking website,politics,https://www.indiatoday.in/fact-check/story/fact-check-external-affairs-minister-jaishankar-tweet-offering-to-absorb-sri-lanka-into-india-is-fake-1940259-2022-04-21,"single post, single author",status,Twitter,google search,,https://drive.google.com/file/d/1bIPYUhykKxUYa-jlqoIdB4MTyr27DQcq/view?usp=sharing
57,https://twitter.com/saribethrose/status/1514339183921451015,https://twitter.com/realchrisrufo/status/1513972271295053829,real,on live web,politics,,"single tweet, single author",status,Twitter,text search on Twitter,,https://drive.google.com/file/d/13EYe-DidzT3W9QWLrItUKUeHdvhSEKtq/view?usp=sharing
58,https://twitter.com/Shayan86/status/1515753937139388418,N/A,fake,exists in fact-checking website,politics,https://apnews.com/article/fact-checking-606184469942,"single post, single author",status,Twitter,google search,,https://drive.google.com/file/d/1vY618eMS4Uj_f_6hwaQFVznS71hPcR9g/view?usp=sharing
59,https://twitter.com/PakistanCheck/status/1516985878584999936,N/A,fake,exists in fact-checking website,politics,https://www.sochfactcheck.com/imran-khans-twitter-space-did-not-set-a-guinness-world-record/,"single post, single author",status,Twitter,google search,,https://drive.google.com/file/d/1F4cV49fUWE-Uzx_dJI0j7-jNScCU_Oij/view?usp=sharing
60,https://twitter.com/AsifChishti/status/1516651111574245377,https://twitter.com/ImranKhanPTI/status/1513220890334433282,real,on live web,politics,,"single tweet, single author",status,Twitter,text search on Twitter,,https://drive.google.com/file/d/1zviHFz01m_n7LCWoHz9WaaWN0HY0QfW3/view?usp=sharing
61,https://twitter.com/crim_tweets_/status/1525848566421405698,N/A,Unknown,cannot be specified,satire,,"single tweet, single author",status,Twitter,text search on Twitter,,https://drive.google.com/file/d/1tECRFoKKcePUbj-jjZIF3gtnquo-3KPu/view?usp=sharing
62,https://twitter.com/hannahgais/status/1526674114995527680,https://twitter.com/michellemalkin/status/1526619261312983041,real,on live web,politics,,"single tweet, single author",status,Twitter,text search on Twitter,,https://drive.google.com/file/d/1g-JxBmjoIo0UeT4TEoD6RaNk8iI1YDzo/view?usp=sharing
63,https://twitter.com/jcpunongbayan/status/1526931106251276288,https://m.facebook.com/story.php?story_fbid=10158858860576732&id=674486731,real,on live web,politics,,"single tweet, single author",status,Facebook,text search on Twitter,,https://drive.google.com/file/d/1G5TLAdBjqRMVzTirvqV_MlhetYh8ztBp/view?usp=sharing
64,https://twitter.com/usnjkpolk/status/1525934746617929731,https://twitter.com/WajahatAli/status/1115685935360950273,real,on live web,politics,,"single tweet, single author",status,Twitter,text search on Twitter,,"https://drive.google.com/file/d/1rk7ERmf9V6uEld_CJa2KLwgZwZbIWsaF/view?usp=sharing
https://drive.google.com/file/d/1SkPCuNgFX4s_IneiTlc7oeJfjnzgxSQy/view?usp=sharing
https://drive.google.com/file/d/1lDE_H8mqwo3ZUIJKylYTDLhSO5MJDuBi/view?usp=sharing
https://drive.google.com/file/d/1d2vgzQjZ4fX83bA8LtpXioqWZVSasFkv/view?usp=sharing"
65,https://twitter.com/joekatz45/status/1525651586046902274,N/A,Unknown,cannot be specified,politics,suspended account,"single tweet, single author",status,Twitter,text search on Twitter,,"https://drive.google.com/file/d/16ziijZ0wAyRFC4D6smrbdO4Yuvz21UUK/view?usp=sharing
https://drive.google.com/file/d/1gOjKaHPqS4k_PT0SC4ptzExBI_fqrh8P/view?usp=sharing
https://drive.google.com/file/d/1rT0q1hGmAsGbXYL_HzvlERFu2JY4flAZ/view?usp=sharing"
66,https://twitter.com/jeanneenabottle/status/1525679177680166912,https://twitter.com/RonFilipkowski/status/1525672875717427207,real,on live web,politics,,"single tweet, single author",status,Twitter,text search on Twitter,,https://drive.google.com/file/d/1Yc8X4_5ge5kGk_5Tfm9rFtOBPhmLe0hp/view?usp=sharing
67,https://twitter.com/AltmanJamey/status/1526030503257718789,https://twitter.com/WendyRogersAZ/status/1498006492246642692,real,on live web,politics,,"single tweet, single author",status,Twitter,text search on Twitter,,https://drive.google.com/file/d/18fzUh6vB8GgC3JJUNLzX2J-gv5p8_qc_/view?usp=sharing
68,https://twitter.com/elonmusk/status/1519495982723084290,N/A,fake ,metadata discrepancy,satire,,"single tweet, single author",status,Twitter,text search on Twitter,,https://drive.google.com/file/d/1T6jt6WvOFKHRu2PBbY1C9i03exPK0X_-/view?usp=sharing
69,https://twitter.com/ovosalvo/status/1519784595276845056,N/A,fake ,not on live web,satire,,"single tweet, single author",status,Twitter,text search on Twitter,,https://drive.google.com/file/d/1s3aMYHVpSSL66v_KhuGDiD_eFzTbApOM/view?usp=sharing
70,https://twitter.com/Pakhaliuk/status/1519685538768375809,N/A,fake ,not on live web,satire,,"single tweet, single author",status,Twitter,text search on Twitter,,https://drive.google.com/file/d/1S7qg4_rQjX4_9HZqw--B8oXdrWbmVtZu/view?usp=sharing
71,https://twitter.com/gramofonavrat/status/1519728992139554816,N/A,fake ,not on live web,satire,,"single tweet, single author",status,Twitter,text search on Twitter,,https://drive.google.com/file/d/1UDOU1iWnm1upywgMxlWyxurkJ28y50Hb/view?usp=sharing
72,https://m.facebook.com/story.php?story_fbid=10158862325146732&id=674486731,https://twitter.com/pads_nosi/status/1527149273334566912,real,not on live web,satire,,"single tweet, single author",status,Twitter,text search on Twitter,,
73,https://m.facebook.com/story.php?story_fbid=10158862255791732&id=674486731,N/A,unknown,cannot be specified,unknown,,"single tweet, single author",status,Twitter,text search on Twitter,,
74,https://twitter.com/CS11__/status/1529519905514602496,N/A,fake,not on live web,public safety,,"single tweet, single author",status,Twitter,twitter advanced search,,https://drive.google.com/file/d/1DPgXd6M1W2LGkZYvN78UYJFUabVvXIxx/view?usp=sharing
75,https://twitter.com/inthefade/status/1529893848222248966,https://twitter.com/mtracey/status/1529864405953003522,real,on live web,public safety,,"single tweet, single author",status,Twitter,text search on Twitter,,https://drive.google.com/file/d/1uhZlYMEY9nhX9xlc4OqKdGeh6H3VtVZg/view?usp=sharing
76,https://twitter.com/TakedownMRAs/status/1529970219434725376,"https://twitter.com/Cernovich/status/1529902858543386625
https://twitter.com/Cernovich/status/1529905166094241792",real,on live web,public safety,,"multiple screenshots;
single post, single author",status,Twitter,text search on Twitter,,"https://drive.google.com/file/d/144ztPsWJFlG7yPePGYSeHbNHhOD28jBn/view?usp=sharing
https://drive.google.com/file/d/1ifaX8DrIBxIZC8Q_sA8tkFrxE8tmHEmo/view?usp=sharing
https://drive.google.com/file/d/1ifaX8DrIBxIZC8Q_sA8tkFrxE8tmHEmo/view?usp=sharing"
77,https://twitter.com/carolinevrigby/status/1529961960044912641,https://twitter.com/mtracey/status/1529864405953003522,real,on live web,public safety,,"single tweet, single author",reply,Twitter,text search on Twitter,yes (black mark),https://drive.google.com/file/d/1ifaX8DrIBxIZC8Q_sA8tkFrxE8tmHEmo/view?usp=sharing
78,https://twitter.com/JosiahHawthorne/status/1529477108249948160,https://twitter.com/robvato/status/1529453369282252803,real,on live web,public safety,,"single tweet, single author",status,Twitter,text search on Twitter,,https://drive.google.com/file/d/1d4DIH43zKX1gdh5JabTebEa61JJ1Wh7C/view?usp=sharing
79,https://twitter.com/thevivafrei/status/1529649251214675968,https://twitter.com/BarackObama/status/1529555038246428672,real,on live web,public safety,,"single tweet, single author",status,Twitter,text search on Twitter,,https://drive.google.com/file/d/1ho3ehS3W54WO69WLq4ihjP98hM8bOCVu/view?usp=sharing
80,https://twitter.com/TheHercAboveAll/status/1529521381846695937,N/A,fake,not on live web,public safety,,"single tweet, single author",status,Twitter,text search on Twitter,,https://drive.google.com/file/d/1gh488twzmgd9yunCMxYxDwsiyxmWTcDG/view?usp=sharing
81,https://twitter.com/HonestB/status/1528176088244834304,N/A,real,wayback machine,discrimination,https://web.archive.org/web/20220522172334/https://twitter.com/techleadhd/status/1528167518979837952,"single tweet, single author",status,Twitter,archived,,https://drive.google.com/file/d/1Z_ZOS0TmX7MIu1gauxaecdxXuclitQrI/view?usp=sharing
82,https://twitter.com/usmcangryvet/status/1529450887135080448,N/A,real,archive.today,public safety,,"single tweet, single author",status,Twitter,archived,,https://drive.google.com/file/d/1YAsMAKDXkoulHNtPyviZkSOkOuB8h_Fj/view?usp=sharing
83,https://twitter.com/nycsouthpaw/status/1530969761252888577,https://twitter.com/DanCrenshawTX/status/1431416334492049412,real,on live web,politics,,"single tweet, single author",status,Twitter,text search on Twitter,,"https://drive.google.com/file/d/1PCT_J46-uVq2ltCwiILDitVPoWd_Ujkz/view?usp=sharing
https://drive.google.com/file/d/1AfWVPkBN7_hUOgoe6IjNTlH9wY-mFQuu/view?usp=sharing"
84,https://twitter.com/ashtonpittman/status/1530243294868930560,https://twitter.com/danieldefense/status/1526237750277681154,real,wayback machine,public safety,"tweets protected
https://web.archive.org/web/20220525125749/https://twitter.com/danieldefense/status/1526237750277681154","single tweet, single author",status,Twitter,archived,,https://drive.google.com/file/d/1xBMfhvcFfek7V3FxI2_gER73lRHFWRCJ/view?usp=sharing
85,"https://twitter.com/ddale8/status/1523674795132743680
",N/A,real,wayback machine,medical,https://web.archive.org/web/20220508182411/https://twitter.com/PamKeithFL/status/1523141006509502470,"single tweet, single author",status,Twitter,archived,,https://drive.google.com/file/d/1pC0gxT1TIECHtj9c_PIFe8z81t4YniOY/view?usp=sharing
86,https://twitter.com/ddale8/status/1523697252430012416,,,,,pending (multiple screenshots),,,,,,"https://drive.google.com/file/d/1UdLcQCGYI655_v2_lX0Ffd5gmm4aadE7/view?usp=sharing
https://drive.google.com/file/d/14L0VReRq_quI8zYGM_dfNQG7shYbCUpU/view?usp=sharing"
87,"https://twitter.com/thehoffather/status/1529552062501236736
",N/A,real ,wayback machine,politics,https://web.archive.org/web/20220525164026/https://twitter.com/NickHanauer/status/1529220873697124353,"single tweet, single author",status,Twitter,archived (CDX API),,https://drive.google.com/file/d/1Gzsy1PFQ3bhDtzvpeaERuU3M2PS2sdvL/view?usp=sharing
88,https://twitter.com/umar_aziz_khan/status/1529908015004000258,https://twitter.com/nsitharaman/status/1527999332103794690,real ,on live web,politics,,"single tweet, single author",status,Twitter,text search on Twitter,,https://drive.google.com/file/d/1fruNhftDN-wdz2BBfc8OK4fHbbfgEcej/view?usp=sharing
89,https://twitter.com/briantylercohen/status/1530955131654615040,https://twitter.com/RepDanCrenshaw/status/1158059710609788929,real ,on live web ,politics,,"single tweet, single author",status,Twitter,text search on Twitter,,"https://drive.google.com/file/d/1o2KVVNEnZYyILoUjABMrQaB8Q2cZlpoe/view?usp=sharing
https://drive.google.com/file/d/1J7j7pdxW5SfIdyqpWGDRnRZwSWQ7402I/view?usp=sharing"
90,https://twitter.com/DanCrenshawTX/status/1532440296214216706,https://twitter.com/dcexaminer/status/1530345346768961536,real ,on live web,politics,,"single tweet, single author",status,Twitter,text search on Twitter,,https://drive.google.com/file/d/1Ye0BNVaNGgE2nLZSDuGMjioL7lLEMt_x/view?usp=sharing
91,https://twitter.com/DanCrenshawTX/status/1514662109296009245,https://twitter.com/RBReich/status/1514635025492307970,real ,on live web,politics,,"single tweet, single author",status,Twitter,text search on Twitter,,"https://drive.google.com/file/d/1HkH4XYvF9gi66S-J9dXSn4fSUlySjini/view?usp=sharing
https://drive.google.com/file/d/18fPH_OUVAw0Z8FQJYZAb9ELabCe96iGS/view?usp=sharing
https://drive.google.com/file/d/1BG8TvMFUMOm85QTGAbeSjg5HAV4eyfzR/view?usp=sharing
https://drive.google.com/file/d/1-e9SMtczsfrdPxYBBjlm5WA503U_899e/view?usp=sharing"
92,https://twitter.com/yashar/status/1529964272628793346,N/A,unknown,cannot be specified,politics,account deleted,"multiple tweet, single author",thread,Twitter,text search on Twitter,,https://drive.google.com/file/d/1VNY9494vLAtvHs3IYuCeQZjKVk_eMHot/view?usp=sharing
93,https://www.facebook.com/photo/?fbid=559938278832957&set=pb.100044503686647.-2207520000,https://twitter.com/RBReich/status/1533939793574473729,real,on live web,politics,,"single tweet, single author",status,Facebook,text search on Twitter,,https://drive.google.com/file/d/1K9Wr6dRFkMIKA9bJxiz1IgF3qG_SM-oA/view?usp=sharing
94,https://www.facebook.com/photo.php?fbid=593848728763942&set=pb.100044164612945.-2207520000..&type=3,https://twitter.com/WhitlockJason/status/1529808763712061440,real,on live web,public safety,,"single tweet, single author",status,Facebook,text search on Twitter,,https://drive.google.com/file/d/1P8LXtlSb-MgmWTy9wBuyiDIQ1Th2HtPA/view?usp=sharing
95,https://www.facebook.com/OcasioCortez/photos/pb.100044177872343.-2207520000../3738414096249247/?type=3,https://twitter.com/POTUS/status/1370181634146832384,real,on live web,politics/public health,,"single tweet, single author",status,Facebook,text search on Twitter,,https://drive.google.com/file/d/1MpanmhHmx966KQ7xuYy0uqRYYG9jFumr/view?usp=sharing
96,https://www.instagram.com/p/CTS5xqfrzEg/,https://twitter.com/VP/status/1433180362792914958,real,on live web,politics,,"single tweet, single author",status,Instagram,text search on Twitter,,
97,https://www.instagram.com/p/CdPFNhHlQig/,https://twitter.com/JoeBiden/status/1522629518808301572,real,on live web,politics,,"single tweet, single author",status,Instagram,text search on Twitter,,
98,https://www.instagram.com/p/Cci4O1oFFz1/,https://twitter.com/JoeBiden/status/1516454095976026120,real,on live web,politics,,"single tweet, single author",status,Instagram,text search on Twitter,,
99,https://twitter.com/woo_who1/status/1534591916167274497,https://twitter.com/LeaderMcConnell/status/1534552571943211009,real,on live web,politics,,"single tweet, single author",status,Twitter,text search on Twitter,,https://drive.google.com/file/d/18GaWXErN0UcS9Q5jyDfQGJmyL8-WR6wX/view?usp=sharing
100,https://twitter.com/DonaldJTrumpJr/status/1508084310552760321,https://twitter.com/RepPressley/status/1507824715053817864,real,on live web,politics,,"single tweet, single author",status,Twitter,text search on Twitter,,https://drive.google.com/file/d/1MwfhtGz4OazM3oyNi9tkcdZRiCTtx2Gf/view?usp=sharing
101,https://twitter.com/LolOverruled/status/1534592196841725956,https://twitter.com/cristianafarias/status/1534539839529525251,real,on live web,politics,,"single tweet, single author, sharing tweet includes another image",status,Twitter,text search on Twitter,,https://drive.google.com/file/d/14ox5vJMnNDUCEyuusWt4YtrrINgcNwXc/view?usp=sharing
102,https://twitter.com/NoLieWithBTC/status/1533561226944454656,https://twitter.com/SenTedCruz/status/1499776380120219657,real,on live web,politics,,"single tweet,single author, screenshot crops out attachment",status/reply,Twitter,text search on Twitter,,https://drive.google.com/file/d/1BqiCa_lb1lMXAhQvnE-pElilpKhYZhtD/view?usp=sharing
103,https://twitter.com/AnitahAmong/status/1534406215484178432,N/A,fake,not on live web/web archive,politics,,"single tweet, single author",status,Twitter,text search on Twitter/archive,,https://drive.google.com/file/d/13bl2ecslOAU-QQSkmqNAPOpVRUS3x-l5/view?usp=sharing
104,https://twitter.com/theirishego/status/1535296238937063427,N/A,fake,font discrepancy,politics,,"single tweet, single author",status,Twitter,text search on Twitter/archive,,"https://drive.google.com/file/d/1Tt72HyDTiDFzi02-S68pSOpnf2auBzoI/view?usp=sharing
https://drive.google.com/file/d/1SqYAK83_ZpR6CUinAi53qx25plGyLaYA/view?usp=sharing"
105,https://twitter.com/ChrisBurn_Post/status/1534928847140888578,N/A,unknown,cannot be specified,discrimination,account not found,"single tweet, single author",reply,Twitter,text search on Twitter/archive,,https://drive.google.com/file/d/1kl6UvO6ZjdqM8LJgSrvsHvEC2de1Z5xW/view?usp=sharing
106,https://twitter.com/RobDotHutton/status/1534881777742925824,https://twitter.com/johnestevens/status/1534881199721746432,real,on live web,politics,https://web.archive.org/web/20220609125359/https://twitter.com/johnestevens/status/1534881199721746432,"single tweet, single author",status,Twitter,archive,,
107,https://twitter.com/Direthoughts/status/1526876146993881090,,,,,politwoops screenshot,,,,,,https://drive.google.com/file/d/16QXH-rn70PWa7Z60vdjb4kxD_qJPpP2_/view?usp=sharing
108,https://twitter.com/MahyarTousi/status/1534307163073658881,https://twitter.com/JujuliaGrace/status/1534245981146861568,real,on live web,public health,,"single tweet, single author",status,Twitter,text search on Twitter,,https://drive.google.com/file/d/1rP4yUdS9bFhKxlucJJrcX244ZNSDPuXz/view?usp=sharing
109,https://twitter.com/d08890/status/1535025692269858828,https://twitter.com/mstreiffer/status/1534750970948616192,real,on live web,other,,"single tweet, single author",thread,Twitter,text search on Twitter,,https://drive.google.com/file/d/17ZarQWbaBI62m4n-XHOM1Me9DUK1B3jA/view?usp=sharing
110,https://www.reddit.com/r/WhitePeopleTwitter/comments/vbb4ra/elon_is_not_gonna_save_us/,https://twitter.com/BrentToderian/status/1536189426266583040,real,on live web,politics,,"single tweet, single author, nested screenshot of another tweet (said screenshot crops out author's handle)",part of a thread,Reddit,text search on Twitter,,https://drive.google.com/file/d/1BQDY7HsrFbruy4PnXl2L_FNFV7gKuTd2/view?usp=sharing
111,https://www.reddit.com/r/WhitePeopleTwitter/comments/v6d78f/and_thats_just_the_pay_bet_its_worse_once_you_add/,https://twitter.com/maxberger/status/1532553153073356814,real,on live web,politics,,single tweet single author,quote tweet,Reddit,text search on Twitter,,https://drive.google.com/file/d/11K-x_cJjKki9N-lkGM-DR-dVeAokNPbU/view?usp=sharing
112,https://www.reddit.com/r/WhitePeopleTwitter/comments/v7o7h0/the_nra_should_be_branded_a_terrorist/,https://twitter.com/NoLieWithBTC/status/1534332233816981508,real,on live web,politics,,single tweet single author ,status,Reddit,text search on Twitter,,https://drive.google.com/file/d/1tXS5aEah35y5Qm9NOxWTPSzVTBWXwzh8/view?usp=sharing
113,https://www.reddit.com/r/WhitePeopleTwitter/comments/v7f1vd/whats_your_damn_point/,https://twitter.com/GeorgeTakei/status/1534341367920467969,real,on live web,public safety,,"single tweet single author, nested screenshot of another tweet",status,Reddit,text search on Twitter,,https://drive.google.com/file/d/1ju0wdRz-qpbCPlVRcOZpXJ6sa5UkYT5f/view?usp=sharing
114,https://www.reddit.com/r/antiwork/comments/vau66k/how_is_this_legal_wtf/,https://twitter.com/GoodAirports/status/1536006660904427522,real,on live web,politics,"screenshot isn't cropped at all, includes Twitter mobile UI",single tweet single author,status,Reddit,text search on Twitter,,https://drive.google.com/file/d/1Xytsgf7aDcS5CcFb3Q7yH-Ls84oyaW2-/view?usp=sharing
115,https://twitter.com/tclayunderwood/status/961065709894696960,N/A,fake,exists on fact checking website,politics,"tweet is from Donald Trump, a banned account",single tweet single author,status,Twitter,fact-checking,,https://drive.google.com/file/d/1k1GVpDzWh6LlLHYZIuczn4T4P7lgBTsn/view?usp=sharing
116,https://twitter.com/BodyBig3rd/status/1537103468195889153,https://twitter.com/CoachKurzawski/status/1167623471435853824,real,on live web,sports,,single tweet single author,status,Twitter,text search on Twitter,,https://drive.google.com/file/d/1QOSBJC9ZFRHlX6b4JwJLrUVAuP8wkTb6/view?usp=sharing
117,https://twitter.com/HSTeachProbs/status/1537620369388994560,https://twitter.com/DrBradJohnson/status/1505156288178753538,real,on live web,education,,single tweet single author,status,Twitter,text search on Twitter,,https://drive.google.com/file/d/1jWpcUWhWpMxP1exlwMXP4Dla6-kOgwmk/view?usp=sharing
118,https://twitter.com/nekomeiko_/status/1535489985343799296,N/A,fake,not on live web/archive,satire,,single tweet single author,status,Twitter,text search on Twitter/archive,,https://drive.google.com/file/d/1mklX31qF6s0ZYGOJhYPKbvcoa1Nkjpbp/view?usp=sharing
119,https://twitter.com/Sanath07/status/1538487209468104704,https://twitter.com/NewsWireLK/status/1538150295800147968,real,on live web,sports,,single tweet single author,status,Twitter,text search on Twitter,,https://drive.google.com/file/d/1JNY_nct41U3Tsmz00bVnXq3TBCyIUx6K/view?usp=sharing
120,https://twitter.com/boredyannlecun/status/1538560705787482112,,,,,facebook example,,,,,,https://drive.google.com/file/d/1VRJZBrOx-R3X_H3ewE3vxIjN5A2kfbVR/view?usp=sharing
121,https://www.reddit.com/r/TOTALLYREALTWEETS/comments/ut6yyl/elon_defends_himself_from_unfair_attacks_on_his/,N/A,fake,appears on subreddit for fake tweets,politics,,"single tweet single author, field for app acts as a watermark for the subreddit",status,Reddit,text search,,https://drive.google.com/file/d/1lMpbo9n8Hk34bCtxinYBG3oWSV-cFQYA/view?usp=sharing
122,https://www.reddit.com/r/TOTALLYREALTWEETS/comments/v0b31j/when_it_comes_to_abortion_bans_elon_sees_the/,N/A,fake,appears on subreddit for fake tweets,politics,,"quote tweet, quoted tweet includes an article",quote tweet,Reddit,text search,Watermark for subreddit included,https://drive.google.com/file/d/17beQ4uBKDgE2KScsrfa5YgOBXZrlfHHG/view?usp=sharing
123,https://www.reddit.com/r/TOTALLYREALTWEETS/comments/u0lz9d/starbucks_invokes_bob_marley_in_defense_of_their/,N/A,fake,appears on subreddit for fake tweets,politics,,single tweet single author ,status,Reddit,text search,Watermark for subreddit included,https://drive.google.com/file/d/1cE7YncenViKWuVBGytNmvf36N7aQUpzB/view?usp=sharing
124,"https://twitter.com/zahacktanvir/status/1539497685677395969
",https://twitter.com/cjwerleman/status/1539486754583248897,real,on live web,politics,,"single tweet, single author",status,Twitter,text search on Twitter,,https://drive.google.com/file/d/1vzw1x8iwQTe-zalNmgJuLGzTRgvyFMBD/view?usp=sharing
125,https://twitter.com/cbouzy/status/1539597588059623425,"https://twitter.com/cbouzy/status/1539377712707543040
https://twitter.com/jhoanegarcia/status/1537665718564560896",real,on live web,politics,,"single tweet, single author","status, reply",Twitter,text search on Twitter,,"https://drive.google.com/file/d/1KkMjZHSdjfv3HdfW47bGKiad7C_fbEcL/view?usp=sharing
https://drive.google.com/file/d/1CfDLnwC8Ao5lm8Km412VsgcQ5bw2_Bph/view?usp=sharing"
126,https://twitter.com/SlaytonSr/status/1538882232370069504,https://twitter.com/DineshDSouza/status/1538525846025162754,real,on live web,politics,,"single tweet, single author",status,Twitter,text search on Twitter,,
127,https://twitter.com/BazzaCC/status/1540317230545510400,"https://twitter.com/ProfBrianCox/status/677634768893267969
https://twitter.com/ProfBrianCox/status/677637760228921344",real,on live web,science,,"single tweet, single author",status,Twitter,Twitter advanced search,,https://drive.google.com/file/d/1bytYLRuixKlxWdP1HHRlISEhjIm6cNfN/view?usp=sharing
128,"https://twitter.com/AOC/status/1540435047785824257
",https://twitter.com/RepMTG/status/1540375254815703041,real,on live web,politics,,"single tweet, single author",status,Twitter,text search on Twitter,,https://drive.google.com/file/d/1lvR_CPoJXAcf5iEMHuJEiDyMWfISnShi/view?usp=sharing
129,https://twitter.com/ggreenwald/status/1540798257567191041,"https://twitter.com/chrislhayes/status/1540767433010683904
https://twitter.com/jbouie/status/1540749246651039751",real,on live web,politics,,"single tweet, single author","reply, status",Twitter,text search on Twitter,,"https://drive.google.com/file/d/1aAogcX2Sf-1ZWVw7lS36HsiTZPk4WZ4r/view?usp=sharing
https://drive.google.com/file/d/1EMgo-UJGePx-jmnD8rR4nCRLU7PumGST/view?usp=sharing"
130,https://twitter.com/ggreenwald/status/1540443981770891270,"https://twitter.com/gaywonk/status/1540398670658654208
https://twitter.com/gaywonk/status/1540391062245629958",real,on live web,politics,,"single tweet, single author","reply, status",Twitter,text search on Twitter,,"https://drive.google.com/file/d/1uTMdCrLLY1tEpCBDPQUiKLy_josd4nZz/view?usp=sharing
https://drive.google.com/file/d/19LdZc9qXR0qOY-IbkGcuSEuNS9HsNw5H/view?usp=sharing
https://drive.google.com/file/d/1LWL242hgDk4dre9GaBb3rxu_wcfzFBF4/view?usp=sharing
https://drive.google.com/file/d/1cNqTlEsJyDu_aPECAsP1fCuFTckd4VSN/view?usp=sharing"
131,https://twitter.com/ggreenwald/status/1540768229651410944,https://twitter.com/ggreenwald/status/1540766788409081856,real,on live web,politics,,"single tweet, single author",status,Twitter,text search on Twitter,"highlighted image, red arrow",https://drive.google.com/file/d/1e7cMgXxDdlJ-JMKAdUpWSFsYbf8U_iit/view?usp=sharing
132,https://twitter.com/letsgoayo/status/1541084789226225664,https://twitter.com/vanillatary/status/1521469740836966402,real,on live web,politics,,"single tweet, single author",status,Twitter,text search on Twitter,,https://drive.google.com/file/d/12xiYZ_XTXd_8d57mGaX_6z5I2B5TQNWY/view?usp=sharing
133,https://twitter.com/letsgoayo/status/1540949289349922819,,,,,pending,,,,,,https://drive.google.com/file/d/1RZbIFO29VEJ242TRliC-N119kcMN_Gr_/view?usp=sharing
134,https://twitter.com/ggreenwald/status/1537563951554240515,"https://twitter.com/JRubinBlogger/status/1537513411449618433
https://twitter.com/JRubinBlogger/status/1537512287975751680",real,on live web,politics,,"multiple single tweet, single author",status,Twitter,Twitter advanced search,,"https://drive.google.com/file/d/1nxzgilSW99bU1DnYtVq8VXxEXf7sdMQZ/view?usp=sharing
https://drive.google.com/file/d/14zTTt-azrrPUzsCa58B9monntqc4p148/view?usp=sharing"
135,https://twitter.com/nycsouthpaw/status/1530969761252888577,"https://twitter.com/DanCrenshawTX/status/1431416334492049412
https://twitter.com/RepDanCrenshaw/status/1158059708248461313",real,on live web,public safety,,"single tweet, single author",thread,Twitter,Twitter advanced search,,"https://drive.google.com/file/d/15WjCakrWeISirfaLWAXUFFuegvg_SmAx/view?usp=sharing
https://drive.google.com/file/d/1Rrx1fQ8qIOHK2iWO_zHqXS1k1YoxqF2I/view?usp=sharing"
136,https://twitter.com/usmcangryvet/status/1529450887135080448,N/A,real,wayback machine,discrimination,"deleted
https://web.archive.org/web/20220525021138/https://twitter.com/DrPaulGosar","single tweet, single author",status,Twitter,archived,,https://drive.google.com/file/d/1QUXQjJXEtusyBOxKnDrjK3Y5waVFgbyQ/view?usp=sharing
137,https://twitter.com/christineburns/status/1535633410097651713,https://twitter.com/BurtShaneLazInd/status/1535923030307872768,real,on live web,politics,,"multiple tweet, multiple author",thread,Twitter,text search on Twitter,,https://drive.google.com/file/d/1WJJ-eZ-X5h2jFc0GA3cRMibpHidQ62bL/view?usp=sharing
138,https://twitter.com/johncardillo/status/1061002346996658176,N/A,unknown,cannot be specified,politics,deleted,"single tweet, single author",status,Twitter,,,https://drive.google.com/file/d/1MWmU0sbVojpMI40l-RN5iQZcyF4htWal/view?usp=sharing
139,https://twitter.com/jennycohn1/status/1535995503703252995,,,,,pending,,,,,,"https://drive.google.com/file/d/1NwHdmYsA071O_0wYAGs13dedn7Qmdaw4/view?usp=sharing
https://drive.google.com/file/d/1VwxdBMyO81zlFGJPuwFzPEI8wboLzETP/view?usp=sharing"
140,https://twitter.com/jaketapper/status/1536847791158435841,"https://twitter.com/Jim_Jordan/status/1536727729030168576
https://twitter.com/trevorrowdyreed/status/1536882627122286593",real,on live web,politics,,"single tweet, single author",reply,Twitter,text search on Twitter,,https://drive.google.com/file/d/1gZvf5_2_bzJbJuTOjFO91uTKH41kM6KL/view?usp=sharing
141,https://twitter.com/NeoliberalSnow/status/1539234057120276488,https://twitter.com/NeoliberalSnow/status/1539234057120276488,real,wayback machine,public safety,https://web.archive.org/web/20220621132242/https://twitter.com/NeoliberalSnow/status/1539234057120276488,"single tweet, single author",status,Twitter,archived,,
142,https://twitter.com/shnookeee/status/1538505738535968776,N/A,fake,fact checking site,satire,https://www.reuters.com/article/factcheck-jenpsaki-tweet/fact-check-fabricated-jen-psaki-tweet-on-president-bidens-bike-fall-created-by-satirical-twitter-account-idUSL1N2Y713R,"single tweet, single author",status,Twitter,Reuters fact check,,"https://drive.google.com/file/d/1uDVTBG9zPRg93f2Dog91tALeFFxtzLyb/view?usp=sharing
https://drive.google.com/file/d/1O82Q7NcIKS8rIhXXFQhx52iM_kPepf7Q/view?usp=sharing"
143,https://twitter.com/JoePhil52772833/status/1532412623614005249,N/A,fake,fact checking site,public health,https://apnews.com/article/fact-check-rand-paul-fake-tweet-vaccines-249170080687,"single tweet, single author",status,Twitter,AP fact check,,
144,https://twitter.com/ArchRose90/status/1541366445149405184,N/A,fake,"not on live web, overlapping lines indicates alteration",satire,,"single tweet, single author",status,Twitter,text search on Twitter,,https://drive.google.com/file/d/1Jsd93Cw6QPSB2ZAyS34g-aEcxWojejSs/view?usp=sharing
145,https://twitter.com/yashar/status/1529983757326766080,https://twitter.com/MyCancerJourne3/status/1376296010255769600,real,wayback machine,public safety,https://web.archive.org/web/20210328221227/https://twitter.com/MyCancerJourne3/status/1376296010255769600,"single tweet, single author",status,Twitter,archived,,https://drive.google.com/file/d/1jOPPZv82pFu0KDkrxASKa3k2Yg-J9DCy/view?usp=sharing
146,https://twitter.com/TheSopranosClub/status/1542820999267340289,N/A,fake,"not on live web, shady text indicates alteration",satire,,"single tweet, single author",status,Twitter,text search on Twitter,,https://drive.google.com/file/d/1vhH45PGA3IdY5MhPYngEGr-45gw9FteN/view?usp=sharing
147,https://twitter.com/ewenthel/status/1541215030288732160,https://twitter.com/DanielRCoats/status/1541212677304770560,real,on live web,science,,"single tweet, single author",status,Twitter,text search on Twitter,,https://drive.google.com/file/d/1Sg4oFGby5YoFsfBPGKo5Omp7hCqyj8zG/view?usp=sharing
148,https://twitter.com/mhucka/status/1541185035373490176,https://twitter.com/SciBry/status/989623027393531905,real,on live web,research,,"single tweet, single author",status,Boredpanda.com,text search on Twitter,,https://drive.google.com/file/d/1RClCplXelQBStoff8QpQzZgmyEGDHMtq/view?usp=sharing
149,https://twitter.com/BetteMidler/status/1541472225341198338,https://twitter.com/Georgia_Joker/status/1540360840901165066,real,on live web,politics,,"single tweet, single author",thread,Twitter,text search on Twitter,,https://drive.google.com/file/d/1pIVCZ8jtsXYuyYOojuKaKZkzT8hB2HkI/view?usp=sharing
150,https://twitter.com/Popehat/status/1542223625310244864,,,,,pending,,,,,,https://drive.google.com/file/d/1mTu09cSjwqj3Y86bqTrgfEwPNIxe5S12/view?usp=sharing
151,https://twitter.com/daveweigel/status/1471499135568146435,,,,,pending (multiple screenshots),,,,,,"https://drive.google.com/file/d/1elvJs7lzWuxeCK7Dlzl4DPzpJbN8g-EG/view?usp=sharing
https://drive.google.com/file/d/1PwtuFuxv7BaPEzMkP3DO0VjGaUJUSuwg/view?usp=sharing
https://drive.google.com/file/d/1BNjTGvLwDMp3L5OEERnwwcyrqyMctgiN/view?usp=sharing
https://drive.google.com/file/d/1Sa7BZx3uI1R9BSKr8osHsXFaY8axwjCr/view?usp=sharing"
152,https://twitter.com/jacobrosecrants/status/1543344765466460160,https://twitter.com/DrBradJohnson/status/1543219126663086091,real,on live web,education,,"single tweet, single author",status,Twitter,text search on Twitter,,https://drive.google.com/file/d/11mO5r5EtIhpR1Vdsvuj75b9UQ0QSybxD/view?usp=sharing
153,https://twitter.com/elonmusk/status/1544051155562598401,N/A,fake,not on live web/archive,satire,,"single tweet, single author",status,Twitter,text search on Twitter,,https://drive.google.com/file/d/14ze-pro-_PyH78-5SUeOau4RVgnfIoNQ/view?usp=sharing
154,https://twitter.com/ashleevance/status/1546998627809107968,N/A,real,embedded,politics,,"single tweet, single author",status,Truth Social Media,embedded,,https://drive.google.com/file/d/1Y83qGb2Wc8Lsw2juYkjYGzm-jZaiL1i3/view?usp=sharing
155,https://twitter.com/blaireerskine/status/1547850992300855297,https://twitter.com/blaireerskine/status/1547004574476541952,real,on live web,discrimination,,"single tweet, single author",status,Twitter,text search on Twitter,,
156,https://twitter.com/john_sipher/status/15472216357233213459,https://twitter.com/john_sipher/status/1547209965731037185,real,on live web,politics,,"single tweet, single author",status,Twitter,text search on Twitter,,https://drive.google.com/file/d/1vloFlKagcIHkZRhuHQ3aky3EIWmZGBjf/view?usp=sharing
157,https://twitter.com/russophileLs/status/1544305380548923392,N/A,fake,altered,politics,https://twitter.com/nexta_tv/status/1499316360299651077,"single tweet, single author",status,Twitter,Twitter thread,,https://drive.google.com/file/d/16iiv6BvKyYLMiKM1u5IBLMJHkmtptCi0/view?usp=sharing
158,https://twitter.com/Imposter_Edits/status/1543960895965085696,N/A,fake,exists in fact-checking site,politics,https://www.factcheck.org/2022/07/fabricated-fourth-of-july-tweet-was-not-from-rep-marjorie-taylor-greene/,"single tweet, single author",status,Twitter,factcheck,,https://drive.google.com/file/d/16aoKdwc6OfsHY3WpTbpRHltnPH9l0MMr/view?usp=sharing
159,https://twitter.com/KunalGhoshAgain/status/1546166730308734976,,,,,pending,,,,,,https://drive.google.com/file/d/1rrIKb_RS4E0z2kHs1Zgzw9PkvMeOuOKo/view?usp=sharing
160,https://twitter.com/amitrakshitbjp/status/1547588759012532225,,,,,pending,,,,,,https://drive.google.com/file/d/1OnY-zX-JUYow2mLWCYBmd4Pgl-beo7YY/view?usp=sharing
161,https://twitter.com/michaelmalice/status/1545909223137083393,N/A,fake,exists in fact-checking site,politics,https://www.reuters.com/article/factcheck-clinton-abe/fact-check-hillary-clintons-denial-of-role-in-former-japanese-pm-killing-is-fabricated-idUSL1N2YT0VU,"single tweet, single author",status,Twitter,Reuters,,https://drive.google.com/file/d/1C44gRfTwTsC1sJ9SNEqPYaKoCi7OA0xq/view?usp=sharing
162,https://twitter.com/hthjones/status/1543634329569460226,,,,,pending,,,,,,https://drive.google.com/file/d/1yTdI5FBNcUrRNryjkOSizVClW6oHodnr/view?usp=sharing
163,https://twitter.com/DaveWiltse/status/1543792822616211457,N/A,real,exists in fact-checking site,politics,"https://www.politifact.com/factchecks/2022/jul/05/nikki-haley/fact-checking-nikki-haley-july-4-cookout-costs/
deleted","single tweet, single author",status,Twitter,Politifact,,https://drive.google.com/file/d/1RLVaxC-7j-FSGcWaMskR53NYIoz9rgvm/view?usp=sharing
164,https://twitter.com/mrnickharvey/status/1544386736415023105,N/A,fake,altered,politics,https://twitter.com/NadineDorries/status/1544384582467964928,"single tweet, single author",status,Twitter,text search on Twitter,,https://drive.google.com/file/d/1H_XZQiOEYeNTgUgyNPekfrbm41X0llKF/view?usp=sharing
165,https://twitter.com/mycalltwo/status/1544384688936157185,"https://twitter.com/RishiSunak/status/1533910387485294594
https://twitter.com/RishiSunak/status/1533721564390338560
https://twitter.com/sajidjavid/status/1533912871888887810",real,on live web,politics,,"single tweet, single author",status,Twitter,text search on Twitter,,https://drive.google.com/file/d/10aiY8iDAFCk-XYkAu9b1m_0cxajosOXh/view?usp=sharing
166,https://twitter.com/norfolkology/status/1335497688465502208,https://twitter.com/ghostoffredt/status/1334361838197338112,real,on live web,other,,"single tweet, single author",reply,Twitter,text search on Twitter,,https://drive.google.com/file/d/1-WrDUnN9Rb-kgT98XCnViHvtPaTWF-K8/view?usp=sharing
167,https://twitter.com/RedEaglePatriot/status/1545993634658631680,N/A,fake,altered,politics,,"single tweet, single author",status,Twitter,text search on Twitter,,https://drive.google.com/file/d/15hL86iO1GVEMU0wrCLqXu23rzVH47N2N/view?usp=sharing
168,https://twitter.com/gatomalofor/status/1546512909878325249,,,,,pending,,,,,,https://drive.google.com/file/d/1bhcc2p9ss1_F0hWrJdaXTevioRb6aSFq/view?usp=sharing
169,https://twitter.com/ubiquity75/status/1549866426235637760,https://twitter.com/MattWalshBlog/status/1549713211188027394,real,on live web,science,,"single tweet, single author",thread,Twitter,text search on Twitter,,https://drive.google.com/file/d/1OsmziHjQ6LhPLTVXXYCvoaHNVb3sSISJ/view?usp=sharing
170,https://twitter.com/mrsgrisham3/status/1549173357043716099,https://twitter.com/DrBradJohnson/status/1549150637425934336,real,on live web,science,,"single tweet, single author",status,Twitter,text search on Twitter,,
171,https://twitter.com/juliasuzanne76/status/1550241639624482816,https://en-gb.facebook.com/JacobForRedcar,real,on live web,politics,edited,"single tweet, single author",status,Facebook,text search on Facebook,,https://drive.google.com/file/d/1jkC3emZG8KqJx1PRjZxf_ncOm-BnOA1L/view?usp=sharing
172,https://twitter.com/AnneleiseHall/status/1549933107402653696,https://twitter.com/chrisluxonmp/status/1549879256981057536,real,on live web,government,,"single tweet, single author",status,Twitter,text search on Twitter,,https://drive.google.com/file/d/1LpNyg2zUIOUxrIjtDJ1H3cgWJ130AXql/view?usp=sharing
173,https://twitter.com/ian_argente/status/1549799123351703552,https://twitter.com/trussliz/status/130291010730340352,real,on live web,government,,"single tweet, single author",status,Twitter,text search on Twitter,,https://drive.google.com/file/d/13m6m6gPfqUyuvTRVuB8mpZiQtYqjxzCc/view?usp=sharing
174,https://twitter.com/Ranfactopp/status/1549938773211103232,N/A,probably fake,not on live web/not archived,pandemic,,"single tweet, single author",status,Twitter,text search on Twitter/archive,,https://drive.google.com/file/d/1xxQhrdSA7cUP3SulzXbVxvkBZlLJIZrq/view?usp=sharing
175,https://twitter.com/_RadicalReality/status/1548736219848261635,https://twitter.com/FedorovMykhailo/status/1547482455694839808,real,on live web,politics,,"single tweet, single author",status,Twitter,text search on Twitter,,https://drive.google.com/file/d/1W7nyuVF6jvJ5DodcnZvxBlyIgPRFdvSV/view?usp=sharing
176,https://twitter.com/benjaminwittes/status/1550282267205017601,N/A,unknown,cannot be specified,politics,,"multiple tweet, multiple authors",thread,Twitter,text search on Twitter.archive,,https://drive.google.com/file/d/16aJllt-YW-LIkl6q3A9FIqDxJ2S6ClmK/view?usp=sharing
177,https://twitter.com/EllenKurz/status/1550285763757105153,N/A,unknown,cannot be specified,politics,,"multiple tweet, multiple authors",thread,Twitter,text search on Twitter.archive,,https://drive.google.com/file/d/1sdq3IgrcAn9H8syj7XqfrcqijWLmGw3r/view?usp=sharing
178,https://twitter.com/BudrykZack/status/1550126488787111941,N/A,fake,not on live web/not archived,satire,,"single tweet, single author",status,Twitter,text search on Twitter/archive,,https://drive.google.com/file/d/1CmzFMZBs5CdRZiJrM_V-flkN6J_fbx__/view?usp=sharing
179,https://twitter.com/DefiantLs/status/1550154481962287107,"https://twitter.com/ericadamsfornyc/status/1450967702093320203
https://twitter.com/NicholasBallasy/status/1549984251587723265",real,on live web,politics,,"single tweet, single author",status,Twitter,text search on Twitter,,https://drive.google.com/file/d/1FcuCldigK8sMYfuEs4vW2OPBRInIjq0o/view?usp=sharing
180,https://twitter.com/HeatherAntos/status/1552336616760479744,https://twitter.com/moser330i/status/1552335093603205120,real,on live web,entertainment,,"single tweet, single author",reply,Twitter,text search on Twitter,,https://drive.google.com/file/d/18x6tDLZrPXd6tMiXT1rki-qJsRgbjN-K/view?usp=sharing
181,https://twitter.com/gtconway3d/status/1552298938941771776,,,,,Gab social media,,,,,,"https://drive.google.com/file/d/1Xga4MfPY6LDjBfnAw64vQuHTa0XFHrJF/view?usp=sharing
https://drive.google.com/file/d/1riiONacLAYdUlrhASiCunTt_x5uKtui-/view?usp=sharing
https://drive.google.com/file/d/1E1crThiocHC9QemEaRdVgqYD8VU1IYwR/view?usp=sharing"
182,https://twitter.com/Popehat/status/1542239921770860545,https://twitter.com/RudyGiuliani/status/1541956482807341059,real,on live web ,politics,,"single tweet, single author",status,Twitter,text search on Twitter,,https://drive.google.com/file/d/1FzBlpbEWsY9vebMql_ZBqXwWghjJRCd3/view?usp=sharing
183,https://twitter.com/visegrad24/status/1556650554864050176,,,,,pending (multiple screenshots),,,,,,
184,"
https://twitter.com/RVAwonk/status/1556851736589090816",,,,,pending (multiple screenshots),,,,,,
185,https://twitter.com/BillyCorben/status/1560656837266919424,N/A,unknown,cannot be specified,politics,account suspended,"single tweet, single author",status,Twitter,text search on Twitter,,
186,https://twitter.com/zeynep/status/1563707386833035268,N/A,unknown,cannot be specified,public health,deleted,"single tweet, single author",status,Twitter,text search on Twitter,,
187,https://twitter.com/AndyOstroy/status/1559189057560842240,N/A,fake,exists in fact-checking site,politics,https://www.reuters.com/article/factcheck-trump-tweet/fact-check-fabricated-donald-trump-jr-tweet-on-trump-supporters-on-mar-a-lago-lawn-was-created-by-satirical-twitter-account-idUSL1N2ZS0V8,"single tweet, single author",status,Twitter,text  search on Twitter,,